header,cluster,length,scd,shd,nu,mean_lambda,net_q,abs_q,f_pos,f_neg,helix_percent,sheet_percent,loop_percent
532613b0c062,1,143,5.644057,4.089816,0.569767,0.450378,-17.000,71.000,27.000,-44.000,0.650,0.056, 0.147
58bbe9578929,2,143,3.362056,4.297508,0.544095,0.472021,-13.000,65.000,26.000,-39.000,0.650,0.056, 0.133
781f64857c75,0,143,0.953989,4.043194,0.537032,0.444804,-9.000,75.000,33.000,-42.000,0.650,0.070, 0.126
b00ad81ea1fa,2,143,4.046347,4.011088,0.561274,0.437524,-14.000,74.000,30.000,-44.000,0.650,0.070, 0.119
