{
    "scd": 11.311085057256863,
    "scd_loop": 2.9423524625460606,
    "net_q": -23.0,
    "net_q_loop": -12.0,
    "nu": 0.5897614052121126,
    "nu_loop": 0.5121329666104153
}