{
    "id": "ef9c25f144e3",
    "fasta_path": "lanm_pipeline/mpnn/outputs/fastas/ef9c25f144e3.fa",
    "length": 143,
    "mean_plddt": 88.01569366455078,
    "num_plddt_abv_80": 139,
    "min_plddt": 65.08723449707031,
    "mean_pae": 15.891411781311035,
    "rmsd": 7.971185034780537,
    "rmsd_plddt_abv_80": 2.2864131729174306,
    "ref_pdb": "lanm_pipeline/mpnn/src/pdb/3CLN.pdb",
    "model": "model_3_ptm",
    "num_recycle": 12,
    "max_len": 143
}