avg_plddt, avg_rmsd, avg_num_abv_80, avg_metal_binding_probability
88.96690648915816,2.150531836432178,139.57142857142858,0.9785714149475098
