header,cluster,length,scd,shd,nu,mean_lambda,net_q,abs_q,f_pos,f_neg,helix_percent,sheet_percent,loop_percent
03b21ddc25cc,2,143,0.850124,4.033587,0.536670,0.442182,-8.000,76.000,34.000,-42.000,0.650,0.056, 0.140
5d2f261a4ccc,2,143,0.857465,4.039794,0.536462,0.442091,-8.000,78.000,35.000,-43.000,0.650,0.056, 0.140
b91500ee3c57,1,143,1.951115,3.968677,0.547563,0.432413,-12.000,76.000,32.000,-44.000,0.650,0.056, 0.140
d2808f55aaca,1,143,1.823709,3.937959,0.547920,0.429531,-10.000,76.000,33.000,-43.000,0.650,0.056, 0.147
f9baa4c9144a,0,143,0.779546,3.871013,0.543025,0.423448,-10.000,80.000,35.000,-45.000,0.650,0.070, 0.133
