header,cluster,length,scd,shd,nu,mean_lambda,net_q,abs_q,f_pos,f_neg,helix_percent,sheet_percent,loop_percent
03779ae3a798,0,143,4.463616,4.095872,0.560775,0.449839,-15.000,73.000,29.000,-44.000,0.650,0.056, 0.140
22bd625f6dd7,1,143,3.301360,4.255210,0.545435,0.466189,-13.000,65.000,26.000,-39.000,0.650,0.056, 0.147
82eefe2ec15e,2,143,2.631730,3.931921,0.554155,0.431608,-12.000,78.000,33.000,-45.000,0.650,0.056, 0.140
