header,cluster,length,scd,shd,nu,mean_lambda,net_q,abs_q,f_pos,f_neg,helix_percent,sheet_percent,loop_percent
1d63aa5ab9e7,1,143,0.131247,4.043026,0.530951,0.442336,-6.000,76.000,35.000,-41.000,0.650,0.056, 0.147
328182f816f4,1,143,0.341352,3.863297,0.540109,0.423783,-7.000,79.000,36.000,-43.000,0.650,0.070, 0.119
339a89f69519,1,143,0.419736,4.145062,0.528770,0.456308,-7.000,71.000,32.000,-39.000,0.650,0.056, 0.147
3ff5e58f4e09,1,143,-0.076271,3.921813,0.534543,0.430755,-6.000,82.000,38.000,-44.000,0.650,0.056, 0.154
610cdacc343c,0,143,1.106869,4.067186,0.537149,0.446399,-9.000,73.000,32.000,-41.000,0.650,0.070, 0.133
7ac828fb0c62,0,143,1.442802,3.943110,0.544883,0.432706,-10.000,78.000,34.000,-44.000,0.650,0.070, 0.133
e2fa728f2ce4,2,143,3.685609,3.973897,0.560178,0.437147,-14.000,76.000,31.000,-45.000,0.650,0.056, 0.147
