{
    "id": "328182f816f4",
    "fasta_path": "lanm_pipeline/mpnn/outputs/fastas/328182f816f4.fa",
    "length": 143,
    "mean_plddt": 88.99574279785156,
    "num_plddt_abv_80": 140,
    "min_plddt": 74.93292236328125,
    "mean_pae": 16.04781723022461,
    "rmsd": 7.9156881799509184,
    "rmsd_plddt_abv_80": 2.118442886272891,
    "ref_pdb": "lanm_pipeline/mpnn/src/pdb/3CLN.pdb",
    "model": "model_3_ptm",
    "num_recycle": 12,
    "max_len": 143
}