{
    "id": "e28565981072",
    "fasta_path": "lanm_pipeline/mpnn/outputs/fastas/e28565981072.fa",
    "length": 143,
    "mean_plddt": 87.94912719726562,
    "num_plddt_abv_80": 140,
    "min_plddt": 72.59636688232422,
    "mean_pae": 15.963515281677246,
    "rmsd": 8.264701181619253,
    "rmsd_plddt_abv_80": 2.4290013416702694,
    "ref_pdb": "lanm_pipeline/mpnn/src/pdb/3CLN.pdb",
    "model": "model_3_ptm",
    "num_recycle": 12,
    "max_len": 143
}