{
    "id": "82eefe2ec15e",
    "fasta_path": "lanm_pipeline/mpnn/outputs/fastas/82eefe2ec15e.fa",
    "length": 143,
    "mean_plddt": 89.90327453613281,
    "num_plddt_abv_80": 138,
    "min_plddt": 59.980857849121094,
    "mean_pae": 16.137794494628906,
    "rmsd": 8.02182544366293,
    "rmsd_plddt_abv_80": 2.3151229631662886,
    "ref_pdb": "lanm_pipeline/mpnn/src/pdb/3CLN.pdb",
    "model": "model_3_ptm",
    "num_recycle": 12,
    "max_len": 143
}