{
    "id": "a3e4e684f11b",
    "fasta_path": "lanm_pipeline/mpnn/outputs/fastas/a3e4e684f11b.fa",
    "length": 143,
    "mean_plddt": 88.29957580566406,
    "num_plddt_abv_80": 140,
    "min_plddt": 65.71867370605469,
    "mean_pae": 15.805293083190918,
    "rmsd": 8.137675734816378,
    "rmsd_plddt_abv_80": 2.341855600752573,
    "ref_pdb": "lanm_pipeline/mpnn/src/pdb/3CLN.pdb",
    "model": "model_3_ptm",
    "num_recycle": 12,
    "max_len": 143
}